amino_acid,v_gene,j_gene

CASSLIGVSSYNEQFF,TCRBV07-09,TCRBJ02-01

CASSVLAGPTDTQYF,TCRBV09-01,TCRBJ02-03

CSVRDNYNQPQHF,TCRBV29-01,TCRBJ01-05

CASSRDRNYGYTF,TCRBV06-04,TCRBJ01-02

CASSIWGLDTEAFF,TCRBV19-01,TCRBJ01-01

CASRGQGWDEKLFF,TCRBV06-05,TCRBJ01-04

CSASDHEQYF,TCRBV20-01,TCRBJ02-07

CASSPPAGTNYGYTF,TCRBV18-01,TCRBJ01-02

CASSGQGAYEQYF,TCRBV09-01,TCRBJ02-07

CATSRVAGETQYF,TCRBV15-01,TCRBJ02-05

CASRTDSGANVLTF,TCRBV06-04,TCRBJ02-06

CASSLTDTGELFF,TCRBV11-02,TCRBJ02-02

CASSEARTRAFF,TCRBV06-01,TCRBJ01-01

CASSLTDTGELFF,TCRBV11-02,TCRBJ02-02

CASSPISNEQFF,TCRBV28-01,TCRBJ02-01

CASSPISNEQFF,TCRBV28-01,TCRBJ02-01

CASSAQGAYEQYF,TCRBV09-01,TCRBJ02-07

CASSVTGGTDTQYF,TCRBV09-01,TCRBJ02-03

CASSQNRAQETQYF,TCRBV14-01,TCRBJ02-05

CASSIWGLDTEAFF,TCRBV19-01,TCRBJ01-01

CASSPPAGTNYGYTF,TCRBV18-01,TCRBJ01-02

CASSPPAGTNYGYTF,TCRBV18-01,TCRBJ01-02

CASSPGDEQYF,TCRBV25-01,TCRBJ02-07

CASSRDRNYGYTF,TCRBV06-04,TCRBJ01-02

CASSPPAGTNYGYTF,TCRBV18-01,TCRBJ01-02

CASSPPAGTNYGYTF,TCRBV18-01,TCRBJ01-02

CASTPGDEQFF,TCRBV25-01,TCRBJ02-01

CASSLGASGSRTDTQYF,TCRBV07-09,TCRBJ02-03

CASSIWGLDTEAFF,TCRBV19-01,TCRBJ01-01

CASSIGPLEHNEQFF,TCRBV19-01,TCRBJ02-01

CASSLGQGLAEAFF,TCRBV05-01,TCRBJ01-01

CASSGQGAYEQYF,TCRBV09-01,TCRBJ02-07

CASSLQGINQPQHF,TCRBV05-06,TCRBJ01-05

CASSPLSDTQYF,TCRBV07-09,TCRBJ02-03

CASSLGHRDPNTGELFF,TCRBV05-01,TCRBJ02-02

CASSRNRGQETQYF,TCRBV14-01,TCRBJ02-05

CASSLVGDGYTF,TCRBV07-08,TCRBJ01-02

CASSLIGVSSYNEQFF,TCRBV07-09,TCRBJ02-01

CASSLGHRDSSYEQYF,TCRBV05-01,TCRBJ02-07

CASSYNPYSNQPQHF,TCRBV06-06,TCRBJ01-05

CASSVTGGTDTQYF,TCRBV09-01,TCRBJ02-03

CASSRNRGQETQYF,TCRBV14-01,TCRBJ02-05

CASSRNRAQETQYF,TCRBV14-01,TCRBJ02-05

CASSQNRGQETQYF,TCRBV14-01,TCRBJ02-05

CASSYGGLGSYEQYF,TCRBV06-05,TCRBJ02-07

CASSLGHRDSSYEQYF,TCRBV05-01,TCRBJ02-07

CASSGQGAYEQYF,TCRBV09-01,TCRBJ02-07

